meterId,zoneCode,timestamp,unitsConsumed
M001,Z01,2026-09-01 08:00,120
M002,Z01,2026-09-01 14:00,180
M003,Z01,2026-09-01 19:00,250
M004,Z02,2026-09-01 09:00,200
M005,Z02,2026-09-01 14:00,280
M006,Z02,2026-09-01 20:00,420
M007,Z03,2026-09-01 10:00,150
M008,Z03,2026-09-01 15:00,220
M009,Z03,2026-09-01 21:00,350
M010,Z04,2026-09-01 08:00,180
M011,Z04,2026-09-01 16:00,300
M012,Z04,2026-09-01 19:00,500
M013,Z05,2026-09-01 11:00,250
M014,Z05,2026-09-01 15:00,350
M015,Z05,2026-09-01 20:00,450
M001,Z01,2026-09-02 08:00,130
M002,Z01,2026-09-02 14:00,190
M003,Z01,2026-09-02 19:00,270
M004,Z02,2026-09-02 09:00,210
M005,Z02,2026-09-02 14:00,290
M006,Z02,2026-09-02 20:00,450
M007,Z03,2026-09-02 10:00,160
M008,Z03,2026-09-02 15:00,230
M009,Z03,2026-09-02 21:00,380
M010,Z04,2026-09-02 08:00,190
M011,Z04,2026-09-02 16:00,320
M012,Z04,2026-09-02 19:00,520
M013,Z05,2026-09-02 11:00,260
M014,Z05,2026-09-02 15:00,370
M015,Z05,2026-09-02 20:00,470
M001,Z01,2026-09-03 08:00,140
M002,Z01,2026-09-03 14:00,200
M003,Z01,2026-09-03 19:00,280
M004,Z02,2026-09-03 09:00,220
M005,Z02,2026-09-03 14:00,300
M006,Z02,2026-09-03 20:00,480
M007,Z03,2026-09-03 10:00,170
M008,Z03,2026-09-03 15:00,240
M009,Z03,2026-09-03 21:00,400
M010,Z04,2026-09-03 08:00,200
M011,Z04,2026-09-03 16:00,340
M012,Z04,2026-09-03 19:00,550
M013,Z05,2026-09-03 11:00,270
M014,Z05,2026-09-03 15:00,390
M015,Z05,2026-09-03 20:00,500